main_class,middle_class,sub_class,width,height,center_x,center_y,x1,y1,x2,y2,x3,y3,x4,y4,rot_degree,arma3_class
civilian,boat,boat,13.958350000000001,21.5957,336.0,201.0,332.0,191.0,343.0,192.0,340.0,211.0,329.0,210.0,8.0,C_Rubberboat
civilian,boat,boat,13.958350000000001,21.5957,783.0,546.0,772.0,548.0,776.0,538.0,794.0,544.0,790.0,554.0,288.0,C_Rubberboat
civilian,boat,boat,13.958350000000001,21.5957,1080.0,374.0,1073.0,383.0,1069.0,372.0,1087.0,365.0,1091.0,376.0,249.0,C_Rubberboat
civilian,boat,boat,13.958350000000001,21.5957,1157.0,717.0,1151.0,707.0,1163.0,707.0,1163.0,727.0,1151.0,727.0,169.0,C_Rubberboat
civilian,boat,boat,13.64762,19.00451,909.0,200.0,900.0,196.0,909.0,190.0,918.0,204.0,909.0,210.0,331.0,C_Scooter_Transport_01_F
civilian,boat,boat,12.15361,19.85361,374.0,631.0,382.0,625.0,383.0,636.0,366.0,637.0,365.0,626.0,87.0,rhsgref_civ_canoe
civilian,boat,boat,12.15361,19.85361,501.0,457.0,511.0,454.0,508.0,465.0,491.0,460.0,494.0,449.0,105.0,rhsgref_civ_canoe
civilian,boat,boat,12.15361,19.85361,1056.0,717.0,1050.0,708.0,1062.0,708.0,1062.0,726.0,1050.0,726.0,92.0,rhsgref_civ_canoe
