main_class,middle_class,sub_class,width,height,center_x,center_y,x1,y1,x2,y2,x3,y3,x4,y4,rot_degree,arma3_class
Helicopter,AH,Mi-24,64.74202,82.7722,237.0,398.0,225.0,348.0,282.0,374.0,249.0,448.0,192.0,422.0,24.0,CUP_O_Mi24_D_Dynamic_TK
Helicopter,AH,Mi-24,64.74202,82.7722,444.0,199.0,407.0,235.0,400.0,172.0,481.0,163.0,488.0,226.0,264.0,CUP_O_Mi24_D_Dynamic_TK
Helicopter,AH,Mi-24,64.74202,82.7722,466.0,502.0,419.0,480.0,475.0,451.0,513.0,524.0,457.0,553.0,333.0,CUP_O_Mi24_D_Dynamic_TK
Helicopter,AH,Mi-24,64.74202,82.7722,629.0,325.0,675.0,347.0,619.0,375.0,583.0,303.0,639.0,275.0,154.0,CUP_O_Mi24_D_Dynamic_TK
Tank,Tank,T-80,20.06277,40.09404,317.0,616.0,328.0,635.0,309.0,636.0,306.0,597.0,325.0,596.0,177.0,rhs_t80ue1
Tank,Tank,T-80,20.06277,40.09404,512.0,300.0,490.0,299.0,500.0,282.0,534.0,301.0,524.0,318.0,300.0,rhs_t80ue1
Tank,Tank,T-80,20.06277,40.09404,662.0,417.0,649.0,434.0,640.0,417.0,675.0,400.0,684.0,417.0,245.0,rhs_t80ue1
Tank,Tank,T-80,20.06277,40.09404,956.0,219.0,943.0,202.0,962.0,198.0,969.0,236.0,950.0,240.0,350.0,rhs_t80ue1
Tank,Tank,T-80,20.06277,40.09404,957.0,281.0,973.0,267.0,978.0,285.0,941.0,295.0,936.0,277.0,75.0,rhs_t80ue1
