main_class,middle_class,sub_class,width,height,center_x,center_y,x1,y1,x2,y2,x3,y3,x4,y4,rot_degree,arma3_class
Armored,IFV,BMP-2,21.533050000000003,34.55025,746.0,131.0,765.0,128.0,758.0,146.0,727.0,134.0,734.0,116.0,110.0,CUP_B_BMP2_CZ
Armored,IFV,BMP-2,21.533050000000003,34.55025,1015.0,437.0,1034.0,435.0,1027.0,452.0,996.0,439.0,1003.0,422.0,112.0,CUP_B_BMP2_CZ
Armored,ASV,BRDM-2,18.93486,25.88355,80.0,1.0,71.0,-11.0,89.0,-11.0,89.0,13.0,71.0,13.0,172.0,CUP_B_BRDM2_CDF
Armored,ASV,BRDM-2,18.93486,25.88355,895.0,548.0,907.0,539.0,907.0,557.0,883.0,557.0,883.0,539.0,90.0,CUP_B_BRDM2_CDF
Armored,ASV,BRDM-2,18.93486,25.88355,1051.0,298.0,1065.0,299.0,1053.0,312.0,1037.0,297.0,1049.0,284.0,134.0,CUP_B_BRDM2_CZ
Armored,IFV,BMP-2,23.98053,34.52141,269.0,244.0,250.0,248.0,257.0,229.0,288.0,240.0,281.0,259.0,289.0,CUP_B_BTR60_CDF
Armored,IFV,LAV-25,19.88749,30.55094,1108.0,587.0,1113.0,571.0,1125.0,585.0,1103.0,603.0,1091.0,589.0,51.0,CUP_B_LAV25_green
